Code,State,Life,Disability,LTC,Note,Link,Programming note,,Updated 10-1-26
Alabama Code § 27-5-13,Alabama,0,4,0,,https://alison.legislature.state.al.us/code-of-alabama?section=27-5-13,,,
Alabama Code § 8-43-3,Alabama,1,1,1,,https://alison.legislature.state.al.us/code-of-alabama?section=8-43-3,I still need to figure out which code citation this recently passed bill will be under,,
,Alaska,,,,,,,,
Arizona Revised Statutes § 20-448,Arizona,4,4,,,https://www.azleg.gov/ars/20/00448.htm,,,
Arizona Revised Statutes § 20-448.02,Arizona,1,1,1,,https://www.azleg.gov/viewdocument/?docName=https://www.azleg.gov/ars/20/00448-02.htm,,,
Arizona Revised Statutes § 44-8002,Arizona,1,,1,,https://www.azleg.gov/viewdocument/?docName=https://www.azleg.gov/ars/44/08002.htm,,,
,Arkansas,,,,,,,,
California Insurance Code § 10140,California,,2,,,https://leginfo.legislature.ca.gov/faces/codes_displaySection.xhtml?sectionNum=10140.&nodeTreePath=3.2.1.6&lawCode=INS,,,
California Insurance Code § 10143,California,4,4,,,https://leginfo.legislature.ca.gov/faces/codes_displaySection.xhtml?lawCode=INS&sectionNum=10143.,,,
California Insurance Code § 10148,California,"1,2, 5","1,2 5","1,2, 5","Other = ""A life or disability insurer shall not require a person to undergo a test of the person’s genetic characteristics to determine eligibility or insurability or for other insurance purposes; A life or disability insurer shall not ask a person if they or any member of their family have taken a genetic test or ask about the result of a genetic test.""",https://leginfo.legislature.ca.gov/faces/billNavClient.xhtml?bill_id=202520260AB1798,,,
California Civil Code § 56.181,California,5,5,5,"Other = DTC company cannot share genetic data to life, long-term care, or disability insurer",https://leginfo.legislature.ca.gov/faces/codes_displaySection.xhtml?sectionNum=56.181.&lawCode=CIV,,,
Colorado Revised Statutes § 10-3-1104.7,Colorado,1,"1,2",2,Use of genetic information is prohibited for group disability insurance but permitted for individual disability insurance subject to the insured's informed consent.,https://colorado.public.law/statutes/crs_10-3-1104.7,,,
Connecticut General Statues § 38a-833,Connecticut,5,5,5,Other = (A) Any requirement or agreement that the individual undergo genetic testing; or (B) The results of any genetic testing of a member of the individual's family unless the results are contained in the individual's medical record.,https://www.cga.ct.gov/current/pub/chap_704.htm#sec_38a-833,,,
Connecticut Public Act 6.64,Connecticut,5,5,5,"Other = A DTC company cannot share genetic information with life, LTC, or disability insurers",https://www.cga.ct.gov/2026/act/pa/pdf/2026PA-00064-R00SB-00004-PA.pdf,,,
Delaware Code Title 16 § 1202,Delaware,1,1,1,,https://delcode.delaware.gov/title16/c012/sc01/index.html,,,
Delaware Code Title 18 § 2317A,Delaware,"1,3,5",,,Other = cannot require a genetic test to be taken,https://delcode.delaware.gov/title18/c023/index.html#2317,,,
Florida Statutes § 627.4301,Florida,2,2,2,,https://www.leg.state.fl.us/STATUTES/index.cfm?App_mode=Display_Statute&Search_String=&URL=0600-0699/0627/Sections/0627.4301.html,,,
Florida Statutes § 760.40,Florida,1,1,1,,https://www.leg.state.fl.us/STATUTES/index.cfm?App_mode=Display_Statute&Search_String=&URL=0700-0799/0760/Sections/0760.40.html,,,
Florida Statutes § 626.9706,Florida,4,,,,https://www.leg.state.fl.us/STATUTES/index.cfm?App_mode=Display_Statute&Search_String=&URL=0600-0699/0626/Sections/0626.9706.html,,,
Florida Statutes § 626.9707,Florida,,4,,,https://www.leg.state.fl.us/STATUTES/index.cfm?App_mode=Display_Statute&Search_String=&URL=0600-0699/0626/Sections/0626.9707.html,,,
,Georgia,,,,,,,,
,Hawaii,,,,,,,,
Idaho Statutes § 41-1313,Idaho,,2,,,https://legislature.idaho.gov/statutesrules/idstat/title41/t41ch13/sect41-1313/,,,
Illinois Compiled Statutes 410 § 513/20,Illinois,1,,,,https://www.ilga.gov/legislation/ilcs/ilcs3.asp?ActID=1567&ChapterID=35,,,
Indiana Code § 16-39-5-2,Indiana,,1,1,,https://iga.in.gov/laws/2021/ic/titles/16#16-39-5-2,,,
Indiana Code § 24-4-24-10,Indiana,5,5,5,"Other = DTC company cannot share genetic data to life, long-term care, or disability insurer",https://iga.in.gov/pdf-documents/124/2025/senate/bills/SB0033/SB0033.02.COMS.pdf,,,
,Iowa,,,,,,,,
Kansas Statutes § 40-2259,Kansas,3,3,3,,https://www.ksrevisor.org/statutes/chapters/ch40/040_022_0059.html,,,
Kentucky Revised Statutes § 304.12-085,Kentucky,,5,,"Other = ""A group or individual health benefit plan or insurer offering health insurance in connection with a health benefit plan or an insurer offering a disability income plan may not request or require an applicant, participant, or beneficiary to disclose to the plan or insurer any genetic test about the participant, beneficiary, or applicant.""",https://apps.legislature.ky.gov/law/statutes/statute.aspx?id=17019,,,
Kentucky Revised Statutes § 311.705,Kentucky,1,1,1,,https://apps.legislature.ky.gov/law/statutes/statute.aspx?id=52988,Kentucky Revised Statutes § 311.705,Kentucky,1
Louisiana Insurance Code § 918,Louisiana,"1,3,5",,"1,3,5",Other = cannot use information of relatives or participation in research; cannot require testing,https://legis.la.gov/legis/Law.aspx?d=1240064,,,
Maine Insurance Code § 2159-C,Maine,"1,3,5","1,3,5","1,3,5","Other = If genetic tests are used for a policy, the insurer must notify the insured and obtain in writing whether the individual wishes to be informed of the test results; insurer cannot request info from DTC company.",https://mainelegislature.org/legis/statutes/24-a/title24-Asec2159-C.html,,,
Maryland Insurance Code § 27-208,Maryland,3,,,,https://govt.westlaw.com/mdc/Document/N4A4398704C9911E6BFD296E5777A4078?viewType=FullText&originationContext=documenttoc&transitionType=CategoryPageItem&contextData=(sc.Default),,,
Maryland Insurance Code § 18-120,Maryland,,,3,,https://govt.westlaw.com/mdc/Document/N4AAA578052A211DDA4C9828740B80078?viewType=FullText&originationContext=documenttoc&transitionType=CategoryPageItem&contextData=(sc.Default)&bhcp=1,,,
"Maryland Code, Insurance § 27-909.1",Maryland,"3,5","3,5",,Other = cannot mandate genetic testing of whole genome sequencing as a condition of coverage,https://govt.westlaw.com/mdc/Browse/Home/Maryland/MarylandCodeCourtRules?guid=N8A40F6B09B6F11DB9BCF9DAC28345A2A&originationContext=documenttoc&transitionType=Default&contextData=(sc.Default),,,
"Maryland Code, Commercial § 14-4405",Maryland,1,1,1,,https://govt.westlaw.com/mdc/Document/N77B95100040311ED8E17AA85475E25B5?viewType=FullText&originationContext=documenttoc&transitionType=CategoryPageItem&contextData=(sc.Default),,,
Massachusetts Statutes 175 § 120E,Massachusetts,3,,,,https://malegislature.gov/Laws/GeneralLaws/PartI/TitleXXII/Chapter175/Section120E,,,
Massachusetts Statutes 175 § 108I,Massachusetts,,3,3,,https://malegislature.gov/Laws/GeneralLaws/PartI/TitleXXII/Chapter175/Section108I,,,
,Michigan,,,,,,,,
Minnesota Statutes § 72A.139,Minnesota,"1,5",,,"Other = ""The life insurance company or fraternal benefit society shall notify an individual of a genetic test result by notifying the individual or the individual's designated physician. If the individual tested has not given written consent authorizing a physician to receive the test results, the individual must be urged, at the time that the individual is informed of the genetic test result described in this subdivision, to contact a genetic counselor or other health care professional. Subd. 7. Payment for test. A life insurance company or fraternal benefit society shall not require an individual to submit to a genetic test unless the cost of the test is paid by the life insurance company or fraternal benefit society.""",https://www.revisor.mn.gov/statutes/cite/72A.139,,,
Minnesota Statutes § 325F.995,Minnesota,1,1,1,,https://www.revisor.mn.gov/statutes/cite/325F.995,,,
,Mississippi,,,,,,,,
,Missouri,,,,,,,,
Montana Statutes 33-18-206,Montana,3,3,,,https://leg.mt.gov/bills/mca/title_0330/chapter_0180/part_0020/section_0060/0330-0180-0020-0060.html,,,
Montana Statutes 30-23-105,Montana,1,,1,,https://www.leg.mt.gov/bills/mca/title_0300/chapter_0230/part_0010/section_0010/0300-0230-0010-0010.html,,,
Nebraska Revised Statutes § 87-903,Nebraska,1,,1,,https://nebraskalegislature.gov/laws/statutes.php?statute=87-903,I still need to figure out which code citation this recently passed bill will be under,,
Nevada Revised Statutes § 629.151,Nevada,1,,,,https://www.leg.state.nv.us/nrs/NRS-629.html#NRS629Sec151,,,
New Hampshire Statutes § 141-H:5,New Hampshire,5,5,5,,https://www.gencourt.state.nh.us/rsa/html/X/141-H/141-H-mrg.htm,,,
New Jersey Revised Statutes § 17B:30-12,New Jersey,"1,3","1,3",,,https://lis.njleg.state.nj.us/nxt/gateway.dll?f=templates&fn=default.htm&vid=Publish:10.1048/Enu,,,
New Mexico Statutes § 24-21-4,New Mexico,"3,5","3,5","3,5","Other = Insurers specifically exempted from informed consent provisions of § 24-21-3, although a notice requirement is added.",https://nmonesource.com/nmos/nmsa/en/item/4384/index.do#!fragment/zoupio-_Toc171067634/BQCwhgziBcwMYgK4DsDWszIQewE4BUBTADwBdoAvbRABwEtsBaAfX2zgEYB2DgBgDYu-AMwAWAJQAaZNlKEIARUSFcAT2gByDZIiEwuBEpXqNAJlGNTHRqO279CAMp5SAIXUAlAKIAZLwDUAQQA5AGEvSVIwACNoewMQcXEgA,,,
New York Insurance § 2615,New York,"1,5","1,5","1,5","Other = ""(h) No authorized insurer who lawfully possesses information derived from a genetic test on a biological sample from an individual shall incorporate such information into the records of a non-consenting individual who may be genetically related to the tested individual; nor shall any inferences be drawn, used, or communicated regarding the possible genetic status of the non-consenting individual.""",https://newyork.public.law/laws/n.y._insurance_law_section_2615,,,
North Carolina Statutes § 58-58-25,North Carolina,4,,,,https://www.ncleg.gov/EnactedLegislation/Statutes/PDF/BySection/Chapter_58/GS_58-58-25.pdf,,,
,North Dakota,,,,,,,,
,Ohio,,,,,,,,
,Oklahoma,,,,,,,,
Oregon Statutes § 746.135,Oregon,"1,5","1,5","1,5","Other = ""(4) A person may not use genetic information about a blood relative to reject, deny, limit, cancel, refuse to renew, increase the rates of, affect the terms and conditions of or otherwise affect any policy of insurance.""",https://oregon.public.law/statutes/ors_746.135,,,
,Pennsylvania,,,,,,,,
Rhode Island General Laws § 6-63-3,Rhode Island,5,5,5,"Other = DTC company cannot share genetic data to life, long-term care, or disability insurer",https://webserver.rilegislature.gov/Billtext/BillText26/SenateText26/S2203.htm,,,
,South Carolina,,,,,,,,
South Dakota Codified Laws § 58-1-25,South Dakota,5,,5,Other = use of relative genetic info,https://mylrc.sdlegislature.gov/api/Documents/Bill/219330.pdf?Year=2021,,,
South Dakota Codified Laws § 58-1-25.1,South Dakota,1,,1,,https://sdlegislature.gov/Statutes/58-1-25.1,,,
Tennessee Code § 56-7-207,Tennessee,4,,,,https://advance.lexis.com/documentpage/?pdmfid=1000516&crid=6cb32f10-1119-41a3-bbba-0799e8389757&nodeid=ACDAAHAACAAH&nodepath=/ROOT/ACD/ACDAAH/ACDAAHAAC/ACDAAHAACAAH&level=4&haschildren=&populated=false&title=56-7-207.%20Refusal%20for%20sickle%20cell%20trait%20or%20hemoglobin%20C%20trait%20prohibited.&config=025054JABlOTJjNmIyNi0wYjI0LTRjZGEtYWE5ZC0zNGFhOWNhMjFlNDgKAFBvZENhdGFsb2cDFQ14bX2GfyBTaI9WcPX5&pddocfullpath=/shared/document/statutes-legislation/urn:contentItem:4WSS-7W90-R03M-N00W-00008-00&ecomp=_g1_kkk&prid=d00469e9-bfbe-4c6b-b312-ba390d519e3a,,,
Tennessee Code § 47-18-4905,Tennessee,1,,1,,https://advance.lexis.com/documentpage/?pdmfid=1000516&crid=fe2594a7-2e0c-412f-8a6d-3836194d2051&nodeid=ABVAAVABJAAF&nodepath=%2FROOT%2FABV%2FABVAAV%2FABVAAVABJ%2FABVAAVABJAAF&level=4&haschildren=&populated=false&title=47-18-4905.+Prohibited+disclosures+%E2%80%94+Consumer%27s+written+consent+required.&config=025054JABlOTJjNmIyNi0wYjI0LTRjZGEtYWE5ZC0zNGFhOWNhMjFlNDgKAFBvZENhdGFsb2cDFQ14bX2GfyBTaI9WcPX5&pddocfullpath=%2Fshared%2Fdocument%2Fstatutes-legislation%2Furn%3AcontentItem%3A68C6-TYW0-R03M-T01N-00008-00&ecomp=6gf5kkk&prid=d79e56cd-56fb-4d39-ab48-7b237d63e011,,,
Tennessee Code § 56-7-2702,Tennessee,"1,5",,,Other = no cancelation based solely on genetic information; no requirement to take a test or require a complete genome sequence,https://advance.lexis.com/documentpage/?pdmfid=1000516&crid=f1b92e9f-58f6-456f-bc93-1f42a0acefae&nodeid=ACEAAHABBAAC&nodepath=%2FROOT%2FACE%2FACEAAH%2FACEAAHABB%2FACEAAHABBAAC&level=4&haschildren=&populated=false&title=56-7-2702.+Limitations+on+insurance+cancellation+%E2%80%94+Genetic+testing+prohibited+%E2%80%94+Individual+consent+required+%E2%80%94+Exceptions.&config=025054JABlOTJjNmIyNi0wYjI0LTRjZGEtYWE5ZC0zNGFhOWNhMjFlNDgKAFBvZENhdGFsb2cDFQ14bX2GfyBTaI9WcPX5&pddocfullpath=%2Fshared%2Fdocument%2Fstatutes-legislation%2Furn%3AcontentItem%3A4WSS-7WC0-R03K-V08J-00008-00&ecomp=6gf5kkk&prid=0833965e-5c06-4f53-af38-de49e7b773f7,,,
Texas Business & Commerce Code § 503A.007,Texas,1,,1,,https://statutes.capitol.texas.gov/?tab=1&code=BC&chapter=BC.503A&artSec=503A.007,,,
Utah Commerce & Trade Code § 13-60-105,Utah,1,,1,,https://le.utah.gov/xcode/Title13/Chapter60/13-60-S105.html?v=C13-60-S105_2023050320230503,,,
Vermont Statutes 18 § 9334,Vermont,"3,5","3,5","3,5",Other = Cannot underwrite or condition insurance on the basis of a requirement to undergo genetic testing or on the results of genetic testing of a family member.,https://legislature.vermont.gov/statutes/section/18/217/09334,,,
Vermont Statutes 9 § 2421b,Vermont,1,1,1,,https://legislature.vermont.gov/Documents/2026/Docs/ACTS/ACT135/ACT135%20As%20Enacted.pdf,,,
Vermont Statutes 9 § 2421a,Vermont,5,5,5,"Other = DTC company cannot share genetic data to life, long-term care, or disability insurer",https://legislature.vermont.gov/Documents/2026/Docs/ACTS/ACT135/ACT135%20As%20Enacted.pdf,,,
,Virginia,,,,,,,,
,Washington,,,,,,,,
,West Virginia,,,,,,,,
Wisconsin Statutes § 631.89,Wisconsin,3,3,3,,https://docs.legis.wisconsin.gov/statutes/statutes/631/iii/89,,,
Wyoming Statutes § 26-19-107,Wyoming,,5,,"Other = Prohibits group disability and blanket disability insurance policies from treating genetic information as a preexisting condition; further prohibits such policies from conditioning eligibility on genetic information; further prohibits these policies from using genetic information to deny eligibility, adjust premium or contribution rates, or requesting or requiring predictive genetic testing information about and individual or her family member.",https://advance.lexis.com/documentpage/?pdmfid=1000516&crid=b929268b-af79-4d63-aed7-8b345b059727&nodeid=ABAAAUAACAAH&nodepath=%2FROOT%2FABA%2FABAAAU%2FABAAAUAAC%2FABAAAUAACAAH&level=4&haschildren=&populated=false&title=%C2%A7%E2%80%8226-19-107.+Group+disability+and+blanket+insurance+standard+provisions%3B+exceptions.+%5BEffective+July+1%2C+2025%5D&config=00JABmMTEzODA5Zi0wOWExLTQ3NTAtOThmNy0xYjc5ZjUwYzRkZmIKAFBvZENhdGFsb2f3sjqEYfYX7EMD8yWYBYCu&pddocfullpath=%2Fshared%2Fdocument%2Fstatutes-legislation%2Furn%3AcontentItem%3A6FFX-B923-RXXK-70N9-00008-00&ecomp=6gf5kkk&prid=c3a98ef8-88d8-441a-8a9e-4ce41d5d338a,,,
Wyoming Statutes § 35-32-102,Wyoming,1,,1,,https://advance.lexis.com/documentpage/?pdmfid=1000516&crid=43556199-caf5-4bf3-9b12-70015eb14b1f&nodeid=ABKABHAAD&nodepath=%2FROOT%2FABK%2FABKABH%2FABKABHAAD&level=3&haschildren=&populated=false&title=%C2%A7+35-32-102.+Genetic+testing%3B+prohibitions%3B+exceptions.&config=00JABmMTEzODA5Zi0wOWExLTQ3NTAtOThmNy0xYjc5ZjUwYzRkZmIKAFBvZENhdGFsb2f3sjqEYfYX7EMD8yWYBYCu&pddocfullpath=%2Fshared%2Fdocument%2Fstatutes-legislation%2Furn%3AcontentItem%3A6587-VMJ3-CGX8-00B1-00008-00&ecomp=6gf5kkk&prid=c3a98ef8-88d8-441a-8a9e-4ce41d5d338a,,,
,,,,,,,,,
,,,,,,,,,
,,,,,,,,,
,,,,,,,,,
,,,1 = informed consent,,,,,,
,,,2 = ban on use,,,,,,
,,,3 = actuarial justification,,,,,,
,,,4 = bar on specific trait,,,,,,
,,,5 = other,,,,,,